,Question,Target
0,make donald trump greatest president history,Insincere
1,different form electricity used,Sincere
2,area bounded curve x line x axis point intersection point rotated x axis formula volume,Sincere
3,kotlin language similar java,Sincere
4,u president hillary clinton laughed puerto rico said came saw died,Insincere
5,thinking different others,Sincere
6,remainder divided,Insincere
7,feel like replaced,Insincere
8,get touch girl seen year,Insincere
9,fuck kid spend time jail,Insincere
10,liberal cry baby,Insincere
11,beautiful middle east iranian levantine arab,Insincere
12,case human specie selection pressure weaker today,Insincere
13,possible make movie song offend people coerce political change,Sincere
14,determinant matrix basically listing permutation coefficient conserving order term system,Sincere
15,rapist europe muslim,Insincere
16,bit compare nit trichy b tech mech,Sincere
17,could thing gift guy husband meeting arranged parent first meeting talking since month,Sincere
18,initiation ritual latin king gang,Insincere
19,people really bad teeth bad taking care teeth,Insincere
20,kagome kiyoko reincarnation different people,Sincere
21,india still considered secular pm fanatic hindu report hindu extremist party r,Insincere
22,true amit shah ordered kill anyone writes negative case judge loya,Insincere
23,jew average spatial iq,Insincere
24,liberal realize region stricter gun control often higher level gun violence google,Insincere
25,evangelical christian like pedophile pedophile member republican party,Insincere
26,beat homeless people fun psychopath,Insincere
27,see stored icloud,Insincere
28,india save pakistan china,Insincere
29,italian italy hate black american italian refer derogatory term italian see black american le american get angry hear black american speaking english,Insincere
30,many indian girl lose virginity marriage,Insincere
31,chinese hate american built entire country city,Insincere
32,best place value money kolkata buying ceramic pot,Sincere
33,following polymer contain glucose unit,Sincere
34,ctmu critic imbecile crackpot know nothing,Insincere
35,much custom come import pair shoe detroit costed total,Insincere
36,french people resentful towards brit vice versa,Insincere
37,america punish southern conservative opposition proper education scientific advancement,Insincere
38,kind clothes like guy,Insincere
39,stop arrow key scrolling,Insincere
40,love turn people idiot please give love like love love perfect b know sugar coating love try hide,Insincere
41,asian people travel world like foreigner,Insincere
42,western technology democracy work shaitan,Insincere
43,child ever told something scared,Insincere
44,grab aunty boob p,Insincere
45,ever wrongfully accused rape sexual harassment,Insincere
46,many black america,Insincere
47,outside right finding peace star,Insincere
48,big deal tech giant run problem live demo,Sincere
49,perlite exist eutectoid composition ie c even hypoeutectoid range,Sincere
50,mean baby fast heartbeat,Sincere
51,mark required get ramk arround electrical branch,Sincere
52,businessman select financial intermediary prior business transaction,Sincere
53,manufacturing process airwalk snowboard,Sincere
54,much money need live exchange student bergen norway,Sincere
55,indian see today fake hindu ex muslim ancestry hence explaining modern indian phenomenal,Insincere
56,new zealand combat unit think work russian america took,Insincere
57,boy use girl sex,Insincere
58,meet cold,Sincere
59,people constantly trying break street date video game seem incredibly selfish childish,Insincere
60,chamarendar gay,Insincere
61,briton met russia speak ugly abracadabra call advanced language,Insincere
62,make sex year old say virginia,Insincere
63,american trade canada australia northern neighbor possible,Insincere
64,find qatari kuwaiti sponsor startup iran,Insincere
65,trump get fired excessive day golf excessive expense first year president thier entire term get fired bos american citizen,Insincere
66,true american men hate woman,Insincere
67,white people obsessed big lip black people white proud thin lip,Insincere
68,think sword art online movie,Sincere
69,u born muslim generally successful academically career uk born british muslim uk muslim backward today,Insincere
70,feel bad black woman,Insincere
71,international road pas north east india,Insincere
72,form government u k currently many year system,Sincere
73,college branch get score jee advanced,Sincere
74,salary package oracle india pvt ltd hyderabad,Sincere
75,vagina look like,Insincere
76,money making business idea start year,Sincere
77,odds nato state member ever leave alliance,Insincere
78,time flight depth sensor light house light house use,Sincere
79,carrier strike group obsolete,Sincere
80,chinese nationalism disgust,Insincere
81,bill clinton conscience,Insincere
82,conduct user research accessibility differently,Sincere
83,risk rubbing penis beehive minute every sunday,Insincere
84,brahmin stone age idea hampering growth india socially,Insincere
85,time need reach nift campus orientation programme,Sincere
86,jio launch postpaid plan jammu,Sincere
87,flying airline often revert navy training treat passenger carrier landing,Sincere
88,sane person investigating weapon law look nebulous statistic like mass shooting rather homicide rate something similar,Insincere
89,motivated fit,Sincere
90,joker v deadpool assault arkham animated movie great storyline supervillains,Sincere
91,difference casio ae w casio ae w b watch,Sincere
92,somebody voting donald trump like hilary clinton say prefer bigot,Insincere
93,material read improve reading habit cat va rc select passage attempt mock,Sincere
94,difference study exam study knowledge chartered accountancy,Sincere
95,penguin protect seal,Insincere
96,heterosexual men enjoy wearing panty tights,Insincere
97,education feminist issue west subject woman dominating men,Insincere
98,twin flame feel exact way,Sincere
99,need form secret organization take anti national india,Insincere
100,trump voter want russia control united state,Insincere
101,obama executed treason,Insincere
102,unauthorized transaction probable identity theft,Insincere
103,country need hitler,Insincere
104,girl like soft hard penis,Insincere
105,feminist talk men issue legitimately concerned virtue signaling,Insincere
106,worse donald trump voter republican enabled,Insincere
107,tip write summary upgrade army discharge brief legal guide,Sincere
108,improve fitness eating egg,Sincere
109,u accept poor uneducated illegal immigrant like dreamer,Insincere
110,sex younger female cousin,Insincere
111,difference form form part,Sincere
112,important birthright title land money power,Sincere
113,benefit rising star program,Sincere
114,laptop paytm cheap,Sincere
115,many programmer workforce actually get certification,Sincere
116,right time start studying gmat,Sincere
117,character changed end book chasing redbird,Sincere
118,u military induce war resource rich nation,Insincere
119,canada bad woman compared pakistan saudi arabia,Insincere
120,best way bring awareness distress,Sincere
121,learning curve marketo compare learning curve hubspot,Sincere
122,chemical structure calcium nitrate,Sincere
123,bannon testify trump since lost standing britebart radio gig,Insincere
124,serbia want annex northern greece,Insincere
125,yelp spring break,Sincere
126,school justify failing teach child cursive holocaust,Insincere
127,skill learner need,Sincere
128,apps graduate student must,Sincere
129,fake mythology created brahmin,Insincere
130,normal sex cousin,Insincere
131,feminist rude defensive many feminist post curt rude response statement argument questioned opposing argument ignored attacked,Insincere
132,randomly jump,Insincere
133,symbol flag color people lgbt people,Insincere
134,noun headache plural form,Sincere
135,sc sts leave india,Insincere
136,top leading led bulb manufacturing company india,Sincere
137,new iiits get campus earliest,Sincere
138,temperature store embros egg sperm,Sincere
139,purpose computer program,Sincere
140,come european south american culture considered passionate others,Insincere
141,difficult create successful business russia,Sincere
142,respect military member extend soldier right color white many white u conservative man anomaly,Insincere
143,convert decimal binary using modulus function,Sincere
144,cr cr,Insincere
145,theory white people becoming minority going extinct pure bullcrap,Insincere
146,muslim community india closed society obstinately refusing reform modern time major religion done still holding jihad kafir forced removal clitoris multiple marriage,Insincere
147,traveling maldives india via colombo sri lanka hour colombo visit colombo need visa,Sincere
148,liberal support sexist segregated bathroom,Insincere
149,singaporean feel threatened living close many muslim majority nation,Insincere
150,favorite novel non fiction book,Sincere
151,astrological combination needed obtain scholarship study,Sincere
152,former pornstar quora,Insincere
153,indian greedy people money,Insincere
154,many american unquestioningly believe see mainstream medium news owned controlled major company course cia,Insincere
155,best entertaining foreign movie watch,Sincere
156,invest get maximum revenue crore rupee,Sincere
157,ex nda always behave nice lady also part training syllabus,Insincere
158,proposed lateral entry indian foreign service undermine prestige position directly recruited officer,Sincere
159,fast food restaurant like mcdonald wendy krystal checker hire mostly black dairy queen mostly indian chick fil mostly white type discrimination,Insincere
160,get erection looking woman asexual,Insincere
161,longest bullet,Sincere
162,first year syrian civil war developed analysis chronology wikipedia,Sincere
163,social medium site use indie author,Sincere
164,take become activision ambassador,Sincere
165,chinese woman mondial bus,Insincere
166,democrat still pushing collusion russian story result clinton arrest,Insincere
167,ever killed wife cheated,Insincere
168,moody daymond john,Insincere
169,people mostly girl like getting tippy toe,Insincere
170,narendra modi fooling india gst demonitization protest modi destroying india revealed sir vinod dua thewire episode,Insincere
171,nasa confirms nibiru exists article say true nibiru also end earth true happen,Insincere
172,maruti going relaunch design,Sincere
173,eould nice pen buy phd advisor grduation worth usd,Sincere
174,germany,Insincere
175,tamil ever accept equal ethnicity even though evidence state tamil oldest civilization recorded invention world denial,Insincere
176,encourage dad keep exercising got stroked spends lot time resting bed want walk try walk say foot weakening convince keep walking,Insincere
177,apply health insurance today next day find disease need treatment insurance cover cost,Sincere
178,chinese indonesian generally look west papuan,Insincere
179,graduation course graduation certificate course canada,Sincere
180,muslim feel humiliated learn prophet mohammad married woman young year old aisha converted others worship place islamic holy place called kaaba killed people name allah,Insincere
181,cold hearted mcann sold maddie pedophile,Insincere
182,indian protect motherland,Insincere
183,line song end say father want kill mother want f k actually morrison want say line,Insincere
184,tamil discriminated sri lanka go live tamil nadu,Insincere
185,biggest trend going social medium advertising,Sincere
186,neither barreto cordova apologized outrageous hate based social medium rant apologized rant may offended admission maintain belief republican congress tolerate,Insincere
187,realize husband love althogh trying time make happiest man,Insincere
188,long somebody attempt assassinate donut trump,Insincere
189,alternate history book movie finland,Sincere
190,go pharmacovigilence b pharmacy,Sincere
191,everyone greece replaced million hard working productive law abiding german scandinavian american citizen long take exit crisis,Insincere
192,currently perverted depraved head state,Insincere
193,get match tinder,Insincere
194,interesting many american men tired american woman thus pursuing foreign woman,Insincere
195,dog fuck woman,Insincere
196,people support lgbqt racial equality show prejudice muslim,Insincere
197,futurama crew mean christmas elf,Sincere
198,meaning bibliognost,Sincere
199,name woman athlete participating olympics,Insincere
200,anti missile system thaads,Sincere
201,argentina fight new world order falklands war,Insincere
202,best nlp trainer pune,Sincere
203,type material want read product design engineering blog,Sincere
204,determine greater value,Sincere
205,use studying mba studying information technology,Sincere
206,whola ugly state,Insincere
207,evolution real gay lesbian ask penis vagina,Insincere
208,hardly feel emotion,Insincere
209,advantage plastic pond,Sincere
210,manufactured romanian red wine good,Sincere
211,win race mumbai delhi,Sincere
212,difference mpcb overload relay,Sincere
213,speed sound electricity,Sincere
214,tattoo soubin arm hidden movie sudani nigeria,Sincere
215,australia abolish monarchy,Insincere
216,black men like getting married white woman pregnant,Insincere
217,ungrateful girl father complaining father give freedom brother saying machismo machismo woman get pregnant suffer rape likely suffer assault shit,Insincere
218,men india except punjab haryana rajasthan feminine passive,Insincere
219,terrorist group worst among isi al qaeda turkish army hizbollah palestinian army,Insincere
220,zuckerberg muslim,Insincere
221,advice someone planning apply swe internship prior related experience,Sincere
222,tamil people burning csk flag tamil people hate csk much,Insincere
223,homosexual men relish sex female many marry female child desert go homosexual relationship,Insincere
224,way getting rid moth,Sincere
225,know nichola tesla,Sincere
226,important american slave,Insincere
227,online free course leed,Sincere
228,source identify share bought sale fiis,Sincere
229,american deny defeat vietnam war,Insincere
230,gun stop mass shooting easily accessible bomb stop bombing attack,Insincere
231,meanest thing spouse ever said,Sincere
232,happens eat lemon everyday,Sincere
233,sweeten cacao dark chocolate,Insincere
234,long u supreme court wrongly assert sex marriage protected constitution,Insincere
235,download receipt lic premium paid offline,Sincere
236,trump still funding planned parenthood need fire mueller rosenstein session,Insincere
237,year old girl married year old man okay,Insincere
238,become le enlightened enjoy simple thing life ignorant average joes,Insincere
239,difference chalazion stye,Sincere
240,india proud ownself fcuked india count nation country u,Insincere
241,wrong code c pset initial c,Sincere
242,universally frowning upon applicant admit want job need money fast interviewer think getting company besides skilled liar,Insincere
243,progressive get much people money handout federal government spend full time putting poorly constructed comment quora god bless section eight,Insincere
244,let get straight obama hillary give billion iran oked russia taking u nuclear material husband make deal million gift clinton foundation dnc medium accuse trump collusion,Insincere
245,naseem hijazi biased spaniard british brahmin glorified afghan mahmud ghaznavi arab muhammad bin qasim,Insincere
246,draken international private adversary air contractor still provide aggressor aircraft usaf training,Sincere
247,mccain lose presidency pander deplorable like trump birthers birthers come church teach nowadays,Insincere
248,trump supporter ever admit played like fool given trump actually said could kill someone supporter still vote,Insincere
249,muslim good muslim,Insincere
250,absinthe produced,Sincere
251,american hated people earth,Insincere
252,scientologists still cry totally cleared,Insincere
253,white people generally desired dating world people color,Insincere
254,illegal bangladeshi immigrant ask government impose sharia law assam,Insincere
255,multi variable maclaurin series expansion f x,Sincere
256,good trick prepare net mathematics,Sincere
257,south asian parent treat kid property,Sincere
258,prepare neet study month along b sc course study hour daily,Sincere
259,eat get bigger totally dissappear,Insincere
260,sex better health,Sincere
261,quora almost exclusively question posed frightened child young teen minimal education getting lot lately feed bad luck draw really thing,Insincere
262,view collapsed answer forbidden fruit always take peek taboo avoid cost,Insincere
263,men marry india,Insincere
264,spicejet interview hack,Sincere
265,put fascism nazism right totalitarian modeled soviet style socialism,Insincere
266,family able take french bulldog puppy way flight u k los angeles,Sincere
267,top jiu jitsu competitor,Sincere
268,democrat woman like pretend melania trump inspiring,Insincere
269,military police occupational specialty training course marine,Sincere
270,ruling party interesting history,Insincere
271,prabhas get national award work baahubali,Sincere
272,fuel economy tesla model,Sincere
273,become okay accuse soros jew nazi jew killer roseanne barr making slur receive attention made racist tweet valerie jarrett,Insincere
274,gai calculated wisc v,Sincere
275,agree increased dependence algorithm rather good old fashioned human intelligence made world boring typecast divided place,Sincere
276,liberal get angry people mention charity,Insincere
277,people compromised working memory better breadth first search depth first search,Sincere
278,white pple leave racism alone,Insincere
279,fiitjee south delhi class,Sincere
280,many antisemitic troll jewish quorans identified,Insincere
281,scope ca small town,Sincere
282,refugee appreciate host country europe accepting instead commit crime sexually assault native,Insincere
283,possible u whole mighty army fake u good bombing small country weapon fight back u,Insincere
284,cancer type virus,Sincere
285,black woman bald,Insincere
286,think black people area u dangerous,Insincere
287,feminist complain men earning woman men replaced ai next year,Insincere
288,popular people quora showoff nothing real life,Insincere
289,xi jinping look stupid,Insincere
290,american name child white mean girl name like jessica brittney ashley jennifer,Insincere
291,craziest true podcasts,Insincere
292,israeli president shimon peres advise ukraine forget holodomor,Insincere
293,vietnamese want army kill mountain tribe people become homogenous,Insincere
294,make youtube nigerian,Insincere
295,international trade commerce look like absent necessity factoring usa,Sincere
296,get loan england,Sincere
297,equal protection law false blm exists mean could beat terrorist coming country stan,Insincere
298,fruit like make love romantic intimate special experience someone truly love instead meaningless casual sex skag view object instead human,Sincere
299,earn around lpa rental much tax get deducted income good investment tip great,Sincere
300,paying steel maintain iron curtain particularly east germany west germany,Insincere
301,american civil war fought,Insincere
302,hindi language poor india,Insincere
303,badminton shoe heavy,Sincere
304,greece guy cocky,Insincere
305,slut love suck cuck donut,Insincere
306,exam qualify order get admission iucaa inter university centre astronomy astrophysics course offer,Sincere
307,skipped entire design process mobile app prototype go back add missing step presentable portfolio,Sincere
308,gandalf mean say blood westernesse run nearly pure denethor faramir boromir possible,Sincere
309,done gas come large amount lpg gas,Sincere
310,centipede harmful human being,Insincere
311,something psychological field th comm student law dropout,Sincere
312,best laptop entrepreneur,Sincere
313,scored jee main without coaching decided take drop aim cse iit able achieve,Sincere
314,hillary clinton action le serious general david petraeus,Insincere
315,mormon church really withdrawing scout girl allowed public reason cost allowing girl actually learn like outside church seems like likely reason,Insincere
316,happen lack iodine,Sincere
317,american feel strongly carrying gun nd amendment important people,Insincere
318,way rome influence america military,Sincere
319,korean food popular america,Sincere
320,atheist bad troll religious people quora,Insincere
321,among following critical skill good listener,Sincere
322,stephen hawking still paralyzed hell move feel pain everlasting torment flame wheelchair fire retardant similar mental status,Insincere
323,wrong president trump ask doj investigate weather fbi infiltrated trump campaign,Insincere
324,word person tolerate happiness others,Sincere
325,get rid bruise cheekbone bruise eye,Insincere
326,girl iceland beautiful girl european country inquisition affect country past,Insincere
327,iam student india need help finding university india admit student indian based sat subject test score,Sincere
328,fuck get quora account never signed also delete put password never created,Sincere
329,tesla car going best selling car future,Sincere
330,gcse grade need get admission king college especially math english,Sincere
331,religious tolerance,Insincere
332,devil hell like come talk love little sinner,Insincere
333,turning point book th kingdom kristine kathryn rusch,Sincere
334,democrat hate america much least appear,Insincere
335,rather date hot chick physically handicapped ugly chick,Insincere
336,like working intelligence agency,Sincere
337,atheism social idiocy,Sincere
338,many french word english launguage,Sincere
339,middle eastern people actually fornicate goat,Insincere
340,going social event tell confident mix around always end sitting corner silently feeling stuck,Insincere
341,bengali get offended south indains regard north indian,Insincere
342,modi play magic data changing industrial growth rate,Sincere
343,progynon,Insincere
344,conservative lawmaker cohort finally realize trump dumpster fire president well lying vindictive shallow con artist seemingly sense decency mental fortitude,Insincere
345,much anorexic eat,Insincere
346,many father narendra modi,Insincere
347,something good,Sincere
348,gay christian agenda,Insincere
349,circumcised adult experience like,Insincere
350,list reason cause people evil thing,Insincere
351,former president obama ordered drone strike killed innocent civilian might called sin therefore reasonable call obama sin laden,Insincere
352,agent deposition shape landscape,Insincere
353,archaeology respected much,Sincere
354,jaya bachchan angry arrogant rude megastar amitabh bachchan earth,Insincere
355,people realize conservative disadvantaged minority group quora quora going implement affirmative action,Insincere
356,institute provides big data hadoop training delhi,Sincere
357,hillary clinton really write answer quora banned violating fake name policy,Insincere
358,dark side make people look like shrivelled ballsack,Insincere
359,put trump hater small island quickly turn,Insincere
360,acceptable normal white guy date latinas asian black girl,Insincere
361,win game chess trump kim jung un,Insincere
362,anyone elaborate mercury engine working principle,Sincere
363,home based work option,Insincere
364,minority act like non minority owe something time,Insincere
365,christian insatiable desire convert conservative jew important ungodly act,Insincere
366,move best friend ex,Sincere
367,study edc ae ese,Sincere
368,strange want mental illness everyone else,Insincere
369,thing proud,Sincere
370,queen invite violent criminal hang palace,Insincere
371,people especially bhakts troll kejriwal even though successful keeping electricity water bill low,Insincere
372,tl dr designation incredibly rude lazy pretentious onus put writer instead reader,Insincere
373,scope india architecture,Sincere
374,top strangest death,Sincere
375,sherlock reply sheldon,Insincere
376,feature preferred buying office furniture,Sincere
377,important chapter english literature icse,Sincere
378,kashmiri fight islamic dominance freedom kashmir clear line drawn kashmiri need choose side,Insincere
379,hiv good,Sincere
380,missing period pregnant case consult doctor able get virgin,Sincere
381,nanobots possible near future medical use,Sincere
382,name use username,Sincere
383,since still demonstratively powerful imperial german navy seek challenge royal navy stalemate jutland,Insincere
384,english term mean,Sincere
385,big eazy e,Insincere
386,good height year old,Sincere
387,love girl,Insincere
388,instead blocking serotonin reuptake serotonin pill used,Sincere
389,way experience endorphin rush high without eating super hot capsaicin extract running marathon,Sincere
390,library like goa,Sincere
391,suitable time table upsc capf year,Sincere
392,smelly brown indian deserve live,Insincere
393,hindu extremist group rise india,Insincere
394,experienced hair loss anti hiv medication,Sincere
395,russia jamming tomahawk missile cause many reach target,Sincere
396,good activity help build team work skill required astronaut,Sincere
397,problem pakistani people,Insincere
398,many course hacking,Sincere
399,place small business owner get equity funding,Sincere
